CREATE DATABASE QL_QUANKARAOKE
GO
USE QL_QUANKARAOKE
GO

------------------------------- TABLE : LOAIKHACHHANG -------------------------------//
CREATE TABLE LOAIKHACHHANG
(
	MALOAIKH NVARCHAR(10) NOT NULL,
	TENLOAI NVARCHAR(500),
	GIAMGIA	FLOAT,
	PRIMARY KEY(MALOAIKH)
)
GO

------------------------------- TABLE : KHACHHANG -------------------------------//
CREATE TABLE KHACHHANG
(
	MAKH NVARCHAR(10) NOT NULL,
	TENKH NVARCHAR(300),
	GIOITINH NVARCHAR(5),
	NGAYSINH DATE,
	DIENTHOAI NVARCHAR(12),
	DIACHI NVARCHAR(500),
	MALOAIKH NVARCHAR(10) NOT NULL,
	PRIMARY KEY(MAKH)
)
GO

------------------------------- TABLE : DIEMDANH -------------------------------//
CREATE TABLE DIEMDANH
(
	MANV NVARCHAR(10) NOT NULL,
	NGAYDD DATE,
	PRIMARY KEY(MANV,NGAYDD)
)

------------------------------- TABLE : CHUCVU -------------------------------//
CREATE TABLE CHUCVU
(
	MACV NVARCHAR(10) NOT NULL,
	TENCV NVARCHAR(100),
	LUONGCB FLOAT,
	PRIMARY KEY(MACV)
)
GO


------------------------------- TABLE : NHANVIEN -------------------------------//
CREATE TABLE NHANVIEN
(
	MANV NVARCHAR(10) NOT NULL,
	TENNV NVARCHAR(100),
	GIOITINH NVARCHAR(5),
	NGAYSINH DATE,
	DIENTHOAI NVARCHAR(12),
	DIACHI NVARCHAR(500),
	MACV NVARCHAR(10) NOT NULL,
	NGAYVL DATE,
	PRIMARY KEY(MANV)
)
GO

------------------------------- TABLE : PHONG -------------------------------//
CREATE TABLE PHONG
(
	MAPHONG NVARCHAR(10) NOT NULL,
	TENPHONG NVARCHAR(100),
	GIAPHONG FLOAT,
	TINHTRANG NVARCHAR(300),
	PRIMARY KEY(MAPHONG)
)
GO



------------------------------- TABLE : DICHVU -------------------------------//
CREATE TABLE LOAIDICHVU
(
	MALOAI NVARCHAR(10) NOT NULL,
	TENLOAI NVARCHAR(500),
	PRIMARY KEY(MALOAI)
)
GO
------------------------------- TABLE : SANPHAM -------------------------------//
CREATE TABLE SANPHAM
(
	MASP NVARCHAR(10) NOT NULL,
	TENSP NVARCHAR(50),
	SOLUONG INT,
	DONGIANHAP FLOAT,
	DONGIABAN FLOAT,
	MALOAI NVARCHAR(10) NOT NULL,
	MANCC NVARCHAR(10) NOT NULL,
	TINHTRANG NVARCHAR(100),
	PRIMARY KEY(MASP)
)
GO


------------------------------- TABLE : NHACUNGCAP -------------------------------//
CREATE TABLE NHACUNGCAP
(
	MANCC NVARCHAR(10) NOT NULL,
	TENNCC NVARCHAR(100),
	DIENTHOAI NVARCHAR(10),
	DIACHI NVARCHAR(500),
	PRIMARY KEY(MANCC)
)
GO


------------------------------- TABLE : PHIEUNHAP -------------------------------//
CREATE TABLE PHIEUNHAP
(
	MAPN INT IDENTITY(1,1),
	MANV NVARCHAR(10) NOT NULL,
	MANCC NVARCHAR(10) NOT NULL,
	NGAYLAPPN DATE,
	TONGTIENPN FLOAT,
	TINHTRANG NVARCHAR(50),
	PRIMARY KEY(MAPN)
)
GO
------------------------------- TABLE : CHITIETPHIEUNHAP -------------------------------//
CREATE TABLE CHITIETPHIEUNHAP
(
	MAPN INT,
	MASP NVARCHAR(10) NOT NULL,
	SOLUONG INT,
	DONGIANHAP FLOAT,
	THANHTIEN FLOAT,
	PRIMARY KEY(MAPN, MASP)
)
GO
------------------------------- TABLE : HOADON -------------------------------//
CREATE TABLE HOADON
(
	MAHD INT IDENTITY(1,1),
	MANV NVARCHAR(10) NOT NULL,
	MAKH NVARCHAR(10) NOT NULL,
	MADAT INT,
	NGAYLAPHD DATE,
	GIOVAO DATETIME,
	GIORA DATETIME,
	TIENPHONG FLOAT,
	TIENDICHVU FLOAT,
	TONGTIENHD FLOAT,
	THANHTOAN FLOAT,
	TINHTRANG NVARCHAR(50),
	PRIMARY KEY(MAHD)
)
GO


------------------------------- TABLE : DATPHONG -------------------------------//
CREATE TABLE DATPHONG
(
	MADAT INT IDENTITY(1,1),
	MAPHONG NVARCHAR(10) NOT NULL,
	GIOVAO DATETIME,
	PRIMARY KEY (MADAT)
)



------------------------------- TABLE : CHITIETHOADON -------------------------------//
CREATE TABLE CHITIETHOADON
(
	MAHD INT,	
	MASP NVARCHAR(10) NOT NULL,
	SOLUONG INT,
	DONGIABAN FLOAT,
	THANHTIEN FLOAT,
	PRIMARY KEY(MAHD, MASP)
)
GO

------------------------------- TABLE : NGUOIDUNG -------------------------------//

CREATE TABLE NGUOIDUNG
(
	TENDN NVARCHAR(20) NOT NULL,
	MATKHAU NVARCHAR(20) NULL,
	MANV NVARCHAR(10) NOT NULL,
	PRIMARY KEY(TENDN)
)

------------------------------- TABLE : MANHINH -------------------------------//
CREATE TABLE MANHINH
(
	MAMH NVARCHAR(50) NOT NULL,
	TENMH NVARCHAR(100) NOT NULL,
	PRIMARY KEY(MAMH)
)
------------------------------- TABLE : NHOMNGUOIDUNG -------------------------------//
CREATE TABLE NHOMNGUOIDUNG
(
	MANHOM VARCHAR(20) NOT NULL,
	TENNHOM NVARCHAR(50),
	GHICHU	NVARCHAR(50) NULL
	PRIMARY KEY(MANHOM)
)
------------------------------- TABLE : QL_NGUOIDUNGNHOMNGUOIDUNG -------------------------------//
CREATE TABLE QL_NGUOIDUNGNHOMNGUOIDUNG
(
	TENDN NVARCHAR(20) NOT NULL,
	MANHOM VARCHAR(20) NOT NULL,
	GHICHU  NVARCHAR(200) NULL,
	PRIMARY KEY(MANHOM,TENDN)
)
------------------------------- TABLE : PHANQUYEN -------------------------------//
CREATE TABLE PHANQUYEN
(
	MANHOM VARCHAR(20) NOT NULL,
	MAMH NVARCHAR(50) NOT NULL,
	COQUYEN BIT
	PRIMARY KEY(MANHOM,MAMH)
)
GO
------------------------------- KHOÁ NGOẠI -------------------------------//


ALTER TABLE NGUOIDUNG
	ADD CONSTRAINT FK_NHANVIEN2 FOREIGN KEY(MANV) REFERENCES NHANVIEN(MANV) ON DELETE CASCADE 

ALTER TABLE QL_NGUOIDUNGNHOMNGUOIDUNG
	ADD CONSTRAINT FK_qLNguoiDung1 FOREIGN KEY(TENDN) REFERENCES NGUOIDUNG(TENDN)
ALTER TABLE QL_NGUOIDUNGNHOMNGUOIDUNG
	ADD CONSTRAINT FK_qLNguoiDung2 FOREIGN KEY(MANHOM) REFERENCES NHOMNGUOIDUNG(MANHOM)

ALTER TABLE PHANQUYEN
	ADD CONSTRAINT FK_PHANQUYEN1 FOREIGN KEY(MANHOM) REFERENCES NHOMNGUOIDUNG(MANHOM)
ALTER TABLE PHANQUYEN
	ADD CONSTRAINT FK_PHANQUYEN2 FOREIGN KEY(MAMH) REFERENCES MANHINH(MAMH)


ALTER TABLE NHANVIEN
	ADD CONSTRAINT FK_NHANVIEN1 FOREIGN KEY(MACV) REFERENCES CHUCVU(MACV)

ALTER TABLE DIEMDANH
	ADD CONSTRAINT FK_DIEMDANH1 FOREIGN KEY(MANV) REFERENCES NHANVIEN(MANV)

ALTER TABLE DATPHONG
	ADD CONSTRAINT FK_MAPHONG_DATPHONG FOREIGN KEY(MAPHONG) REFERENCES PHONG(MAPHONG)

ALTER TABLE SANPHAM
	ADD CONSTRAINT FK_SANPHAM1 FOREIGN KEY(MALOAI) REFERENCES LOAIDICHVU(MALOAI) ON DELETE CASCADE 
	--- ON DELETE CASCADE LÀ LỆNH TỰ ĐỘNG XÓA ĐI CÁC DÒNG TRONG BẢNG CÓ KHÓA NGOẠI NÀY KHI XÓA 1 DÒNG TRONG BẢNG KHÁC MÀ KHÓA NGOẠI NÀY THAM CHIẾU TỚI
ALTER TABLE SANPHAM
	ADD CONSTRAINT FK_SANPHAM_NCC FOREIGN KEY (MANCC) REFERENCES NHACUNGCAP(MANCC) ON DELETE CASCADE

ALTER TABLE PHIEUNHAP
	ADD CONSTRAINT FK_PHIEUNHAP1 FOREIGN KEY(MANV) REFERENCES NHANVIEN(MANV) ON DELETE CASCADE 
ALTER TABLE PHIEUNHAP
	ADD CONSTRAINT FK_PHIEUNHAP2 FOREIGN KEY(MANCC) REFERENCES NHACUNGCAP(MANCC)

ALTER TABLE KHACHHANG
	ADD CONSTRAINT FK_KH_LOAIKH FOREIGN KEY (MALOAIKH) REFERENCES LOAIKHACHHANG(MALOAIKH) ON DELETE CASCADE


ALTER TABLE CHITIETPHIEUNHAP
	ADD CONSTRAINT FK_CHITIETPHIEUNHAP1 FOREIGN KEY(MAPN) REFERENCES PHIEUNHAP(MAPN) ON DELETE CASCADE 
ALTER TABLE CHITIETPHIEUNHAP
	ADD CONSTRAINT FK_CHITIETPHIEUNHAP2 FOREIGN KEY(MASP) REFERENCES SANPHAM(MASP) ON DELETE CASCADE 

ALTER TABLE HOADON
	ADD CONSTRAINT FK_HOADON1 FOREIGN KEY(MANV) REFERENCES NHANVIEN(MANV) ON DELETE CASCADE 
ALTER TABLE HOADON
	ADD CONSTRAINT FK_HOADON2 FOREIGN KEY(MAKH) REFERENCES KHACHHANG(MAKH) ON DELETE CASCADE 
ALTER TABLE HOADON
	ADD CONSTRAINT FK_HOADON_DATPHONG FOREIGN KEY (MADAT) REFERENCES DATPHONG(MADAT) ON DELETE CASCADE 

ALTER TABLE CHITIETHOADON
	ADD CONSTRAINT FK_CHITIETHOADON1 FOREIGN KEY(MAHD) REFERENCES HOADON(MAHD) ON DELETE CASCADE 
ALTER TABLE CHITIETHOADON
	ADD CONSTRAINT FK_CHITIETHOADON3 FOREIGN KEY(MASP) REFERENCES SANPHAM(MASP) ON DELETE CASCADE 

INSERT INTO LOAIKHACHHANG VALUES('LKH001',N'Vãng lai',0)
INSERT INTO LOAIKHACHHANG VALUES('LKH002',N'Thân thiết',0.05)
INSERT INTO LOAIKHACHHANG VALUES('LKH003',N'VIP',0.1)

SET DATEFORMAT DMY
INSERT INTO KHACHHANG VALUES ('KH001',N'Nguyễn Huy Khôi Nguyên',N'Nam','25/10/2000','0927551446',N'140 Lê Trọng Tấn, Phường Tây Thạnh, Quận Tân Phú, TP.HCM','LKH001')
INSERT INTO KHACHHANG VALUES ('KH002',N'Khương Tử Nha',N'Nam','04/06/1992','076854112',N'77/2 Lê Hồng Phong, Phường Phú Tân, Bà Rịa - Vũng Tàu','LKH002')
INSERT INTO KHACHHANG VALUES ('KH003',N'Cô Cô',N'Nữ','17/03/1979','088756147',N'156/2/22 Đặng Thúc Kháng, Phường Thạnh Xuân, Bình Thuận','LKH003')
INSERT INTO KHACHHANG VALUES ('KH004',N'Đinh Công Mạnh',N'Nam','28/05/1999','096554872',N'201 Lê Đại Hành, Phường Tinh Thế, Quận Bình Thạnh, TPHCM','LKH002')
INSERT INTO KHACHHANG VALUES ('KH005',N'Lưu Bị',N'Nam','27/06/1994','0946385742',N'422 Tây Thạnh, Tân Phú, TPHCM','LKH003')
INSERT INTO KHACHHANG VALUES ('KH006',N'Quan Vũ',N'Nam','08/10/1991','0757482345',N'249 Nguyễn Thị Minh Khai, Quận 1, TPHCM','LKH001')
INSERT INTO KHACHHANG VALUES ('KH007',N'Đại Kiều',N'Nữ','28/02/1985','0912759230',N'792 Phạm Văn Chiêu,Gò Vấp, TPHCM','LKH001')
INSERT INTO KHACHHANG VALUES ('KH008',N'Mã Siêu',N'Nam','18/09/1998','0944781450',N'192 Nam Kì Khởi Nghĩa,Quận 9, TPHCM','LKH002')
INSERT INTO KHACHHANG VALUES ('KH009',N'Điêu Thuyền',N'Nữ','12/01/1988','0955887142',N'225 Lê Đức Thọ, Gò Vấp, TPHCM','LKH001')
INSERT INTO KHACHHANG VALUES ('KH0010',N'Tôn Thượng Hương',N'Nữ','02/10/2000','0908124751',N'140 Lê Trọng Tấn ,Tân Phú, TP.HCM','LKH003')

INSERT INTO NHACUNGCAP VALUES('NC001',N'Nhà máy bia Lê Hồng Phong','0707546777',N'128 Lê Văn Giàu, Phường Đông Hưng Thuận, Quận 12, TP.HCM')
INSERT INTO NHACUNGCAP VALUES('NC002',N'Nhà máy bánh kẹo CoCoLa','0935466721',N'58 Sơn Kì, Phường Sơn Kì, Quận Tân Phú, TP.HCM')
INSERT INTO NHACUNGCAP VALUES('NC003',N'Xưởng trái cây','071582449',N'772 Võ Văn Kiệt, Phường Bình Trị Đông A, Quận 5, TP.HCM')
INSERT INTO NHACUNGCAP VALUES('NC004',N'Nhà máy bia Sài Gòn Bình Dương','0704736524',N'Lô B2 (47 - 51), Khu Công nghiệp Tân Đông Hiệp B, Phường Tân Đông Hiệp,TP. Dĩ An, tỉnh Bình Dương')
INSERT INTO NHACUNGCAP VALUES('NC005',N'Nhà máy bánh kẹo Kinh Đô','0948133584',N'145 Lê Đức Thọ, Phường 17, Quận Gò Vấp,TP.HCM')
INSERT INTO NHACUNGCAP VALUES('NC006',N'Nhà máy chế biến hoa quả','0168398343',N'375 Tân Kì-Tân Quý, Quận Tân Phú, TP.HCM')
INSERT INTO NHACUNGCAP VALUES('NC007',N'Công ty thương mại thuốc lá','0989442991',N'362-364 Nguyễn Thị Minh Khai, P. 5, Q. 3, Tp. Hồ Chí Minh (TPHCM) , Việt Nam')


INSERT INTO PHONG VALUES ('P001',N'Phòng 101',60000,N'Trống')
INSERT INTO PHONG VALUES ('P002',N'Phòng 102',75000,N'Trống')
INSERT INTO PHONG VALUES ('P003',N'Phòng 103',120000,N'Trống')
INSERT INTO PHONG VALUES ('P004',N'Phòng 201',145000,N'Trống')
INSERT INTO PHONG VALUES ('P005',N'Phòng 202',98000,N'Trống')
INSERT INTO PHONG VALUES ('P006',N'Phòng 203',95000,N'Tạm ngưng')
INSERT INTO PHONG VALUES ('P007',N'Phòng 204',120000,N'Trống')
INSERT INTO PHONG VALUES ('P008',N'Phòng 301',145000,N'Trống')
INSERT INTO PHONG VALUES ('P009',N'Phòng 302',98000,N'Trống')
INSERT INTO PHONG VALUES ('P010',N'Phòng 303',95000,N'Tạm ngưng')


INSERT INTO LOAIDICHVU VALUES('L001',N'Thức uống')
INSERT INTO LOAIDICHVU VALUES('L002',N'Đồ ăn vặt')
INSERT INTO LOAIDICHVU VALUES('L003',N'Đồ ăn no')
INSERT INTO LOAIDICHVU VALUES('L004',N'Đồ uống có cồn')
INSERT INTO LOAIDICHVU VALUES('L005',N'Thuốc lá')

INSERT INTO SANPHAM VALUES('SP001',N'Bia Tiger',545,15000,20000,'L001','NC001','Còn')
INSERT INTO SANPHAM VALUES('SP002',N'Bánh Snack Bí Đỏ',797,6000,10000,'L002','NC002','Còn')
INSERT INTO SANPHAM VALUES('SP003',N'Bánh Bắp',1230,3500,8000,'L002','NC002','Còn')
INSERT INTO SANPHAM VALUES('SP004',N'Dĩa trái cây thượng hạng',17,200000,240000,'L003','NC003','Còn')
INSERT INTO SANPHAM VALUES('SP005',N'Bia Heinelen',545,12000,150000,'L004','NC001','Còn')
INSERT INTO SANPHAM VALUES('SP006',N'Bia Corona',545,22000,27000,'L004','NC001','Còn')
INSERT INTO SANPHAM VALUES('SP007',N'Bia SAIGON',545,12000,15000,'L004','NC004','Còn')
INSERT INTO SANPHAM VALUES('SP008',N'Bia 333',545,11000,13000,'L004','NC004','Còn')
INSERT INTO SANPHAM VALUES('SP009',N'Bia Larue',545,18000,24000,'L004','NC001','Còn')
INSERT INTO SANPHAM VALUES('SP010',N'Bia Budweiser',545,24000,29000,'L004','NC004','Còn')
INSERT INTO SANPHAM VALUES('SP011',N'Bia Sapporo',545,26000,32000,'L004','NC001','Còn')
INSERT INTO SANPHAM VALUES('SP012',N'Bia HANOI',545,11000,14000,'L004','NC001','Còn')
INSERT INTO SANPHAM VALUES('SP013',N'Bia HALIDA',545,10000,13000,'L004','NC004','Còn')
INSERT INTO SANPHAM VALUES('SP014',N'Bánh Snack Cà Chua',500,6000,10000,'L002','NC005','Còn')
INSERT INTO SANPHAM VALUES('SP015',N'Bánh Snack Phồng Tôm',500,6000,10000,'L002','NC005','Còn')
INSERT INTO SANPHAM VALUES('SP016',N'Bánh Snack Đậu Phộng',500,6000,10000,'L002','NC005','Còn')
INSERT INTO SANPHAM VALUES('SP017',N'Bánh ốc quế',500,40000,60000,'L002','NC002','Còn')
INSERT INTO SANPHAM VALUES('SP018',N'Kẹo sữa chua',500,18000,30000,'L002','NC005','Còn')
INSERT INTO SANPHAM VALUES('SP019',N'Kẹo trái cây',500,24000,40000,'L002','NC002','Còn')
INSERT INTO SANPHAM VALUES('SP020',N'Bánh bích quy Kinh Đô',500,45000,600000,'L002','NC002','Còn')
INSERT INTO SANPHAM VALUES('SP021',N'Bánh bông lan Kinh Đô',500,58000,820000,'L002','NC002','Còn')
INSERT INTO SANPHAM VALUES('SP022',N'Kẹo cao su DoubleMint',500,500,1000,'L002','NC005','Còn')
INSERT INTO SANPHAM VALUES('SP023',N'Dĩa trái cây cỡ trung',20,100000,150000,'L003','NC006','Còn')
INSERT INTO SANPHAM VALUES('SP024',N'Dĩa trái cây cỡ nhỏ',20,50000,100000,'L003','NC003','Còn')
INSERT INTO SANPHAM VALUES('SP025',N'Dĩa dưa hấu',20,20000,40000,'L003','NC003','Còn')
INSERT INTO SANPHAM VALUES('SP026',N'Dĩa táo',20,30000,50000,'L003','NC006','Còn')
INSERT INTO SANPHAM VALUES('SP027',N'Dĩa nho',20,40000,60000,'L003','NC006','Còn')
INSERT INTO SANPHAM VALUES('SP028',N'Dĩa xoài',20,20000,40000,'L003','NC003','Còn')
INSERT INTO SANPHAM VALUES('SP029',N'Dĩa lê',20,20000,45000,'L003','NC003','Còn')
INSERT INTO SANPHAM VALUES('SP030',N'Dĩa mận',20,20000,40000,'L003','NC003','Còn')
INSERT INTO SANPHAM VALUES('SP031',N'Trái cây dằm',20,35000,50000,'L003','NC006','Còn')
INSERT INTO SANPHAM VALUES('SP032',N'Nước ngọt Sting',545,8000,20000,'L001','NC001','Còn')
INSERT INTO SANPHAM VALUES('SP033',N'Nước ngọt 7up',545,8000,20000,'L001','NC001','Còn')
INSERT INTO SANPHAM VALUES('SP034',N'Nước ngọt Cocacola',545,8000,20000,'L001','NC001','Còn')
INSERT INTO SANPHAM VALUES('SP035',N'Nước ngọt Pepsi',545,8000,20000,'L001','NC004','Còn')
INSERT INTO SANPHAM VALUES('SP036',N'Nước ngọt NumberOne',545,12000,20000,'L001','NC001','Còn')
INSERT INTO SANPHAM VALUES('SP037',N'Nước ngọt RedBull',545,12000,20000,'L001','NC001','Còn')
INSERT INTO SANPHAM VALUES('SP038',N'Nước ngọt Mirinda',545,10000,20000,'L001','NC004','Còn')
INSERT INTO SANPHAM VALUES('SP039',N'Nước suối',545,3000,10000,'L001','NC001','Còn')
INSERT INTO SANPHAM VALUES('SP040',N'Nước ngọt trà ô long',545,9000,18000,'L001','NC001','Còn')
INSERT INTO SANPHAM VALUES('SP041',N'Nước ngọt trà xanh không độ',545,9000,18000,'L001','NC004','Còn')
INSERT INTO SANPHAM VALUES('SP042',N'Thuốc lá Jet',545,10000,20000,'L005','NC007','Còn')
INSERT INTO SANPHAM VALUES('SP043',N'Thuốc lá Caraven',545,10000,20000,'L005','NC007','Còn')
INSERT INTO SANPHAM VALUES('SP044',N'Thuốc lá 555',545,20000,30000,'L005','NC007','Còn')
INSERT INTO SANPHAM VALUES('SP045',N'Thuốc lá Marlboro',545,20000,35000,'L005','NC007','Còn')
INSERT INTO SANPHAM VALUES('SP046',N'Thuốc lá Thăng Long',545,8000,12000,'L005','NC007','Còn')
INSERT INTO SANPHAM VALUES('SP047',N'Thuốc lá ESSE',545,40000,60000,'L005','NC007','Còn')
INSERT INTO SANPHAM VALUES('SP048',N'Thuốc lá RichMond',545,30000,50000,'L005','NC007','Còn')
INSERT INTO SANPHAM VALUES('SP049',N'Thuốc lá Caption Black',545,35000,60000,'L005','NC007','Còn')
INSERT INTO SANPHAM VALUES('SP050',N'Thuốc lá Kent',545,25000,40000,'L005','NC007','Còn')

INSERT INTO CHUCVU VALUES('CV001',N'Nhân viên thu ngân',150000)
INSERT INTO CHUCVU VALUES('CV002',N'Nhân viên vệ sinh',200000)
INSERT INTO CHUCVU VALUES('CV003',N'Quản lý',350000)

SET DATEFORMAT DMY
INSERT INTO NHANVIEN VALUES ('NV001', N'Minh Hưng', N'Nam', '09/06/2000', '0909672332', N'38/5 Nguyễn Đình Chiểu, Phường Linh Tân, Quận Thủ Đức, TP.HCM','CV001', '12/05/2021')
INSERT INTO NHANVIEN VALUES ('NV002', N'Khôi Nguyên', N'Nam', '05/02/2000', '0912345678', N'176/2 Trần Văn Cơ, Phường Đông Thị Ngâu, Quận Bình Tân, TP.HCM','CV003', '12/05/2021')
INSERT INTO NHANVIEN VALUES ('NV003', N'Bảo Toàn', N'Nam', '26/10/2000', '0309328723', N'225 Trần Bàng, Phường 7, Huyện Tân Thành, Tiền Giang','CV002', '12/05/2021')
INSERT INTO NHANVIEN VALUES ('NV004', N'Phương Linh', N'Nữ', '05/06/1999', '0390764398', N'111/4 Lê Trọng Tấn, Phường Tây Thạnh, Quận Tân Phú, TP.HCM','CV002', '12/05/2021')
INSERT INTO NHANVIEN VALUES ('NV005', N'Phương Hoài', N'Nữ', '11/06/2000', '095639182', N'715 Phan Xích Long, Phường 11, Quận Bình Thạnh, TP.HCM','CV001', '12/05/2021')
INSERT INTO NHANVIEN VALUES ('NV006', N'Hoài Thương', N'Nữ', '02/09/2001', '0908274638', N'124 Phan Xích Long, Phường 11, Quận Bình Thạnh, TP.HCM','CV001', '12/05/2021')
INSERT INTO NHANVIEN VALUES ('NV007', N'Phương Thảo', N'Nữ', '24/04/1996', '0902472195', N'881 Sơn Kì, Tân Phú, TP.HCM','CV002', '12/05/2021')
INSERT INTO NHANVIEN VALUES ('NV008', N'Phương Hằng', N'Nữ', '31/01/1999', '0956239815', N'258 Nguyễn Xí, Quận Bình Thạnh, TP.HCM','CV001', '12/05/2021')
INSERT INTO NHANVIEN VALUES ('NV009', N'Phương Tuấn', N'Nam', '04/12/2000', '0912053961', N'625 Phan Huy Ích,Tân Bình, TP.HCM','CV002', '12/05/2021')
INSERT INTO NHANVIEN VALUES ('NV010', N'Phương Nam', N'Nam', '15/09/1997', '0919461297', N'827 Trần Quang Khải, Quận 10, TP.HCM','CV002', '12/05/2021')


SET DATEFORMAT DMY
INSERT INTO DIEMDANH VALUES('NV001','10/05/2020')
INSERT INTO DIEMDANH VALUES('NV003','11/05/2020')
INSERT INTO DIEMDANH VALUES('NV004','12/05/2020')


INSERT INTO NGUOIDUNG VALUES('admin111','123','NV001')
INSERT INTO NGUOIDUNG VALUES('nhanvien112','123','NV002')
INSERT INTO NGUOIDUNG VALUES('nhanvien12','123','NV005')

INSERT INTO NHOMNGUOIDUNG VALUES('admin',N'Quản Lý',null)
INSERT INTO NHOMNGUOIDUNG VALUES('NV',N'Nhân Viên',null)

INSERT INTO QL_NGUOIDUNGNHOMNGUOIDUNG VALUES('admin111','admin',null)
INSERT INTO QL_NGUOIDUNGNHOMNGUOIDUNG VALUES('nhanvien112','NV',null)
INSERT INTO QL_NGUOIDUNGNHOMNGUOIDUNG VALUES('nhanvien12','NV',null)


INSERT INTO MANHINH VALUES('MH001',N'Danh Mục')
INSERT INTO MANHINH VALUES('MH002',N'Quản Lý')
INSERT INTO MANHINH VALUES('MH003',N'Thống kê')
INSERT INTO MANHINH VALUES('MH004',N'Phòng')
INSERT INTO MANHINH VALUES('MH005',N'Loại Khách Hàng')
INSERT INTO MANHINH VALUES('MH006',N'Khách Hàng')
INSERT INTO MANHINH VALUES('MH007',N'Nhân Viên')
INSERT INTO MANHINH VALUES('MH008',N'Nhà Cung Cấp')
INSERT INTO MANHINH VALUES('MH009',N'Loai Dịch Vụ')
INSERT INTO MANHINH VALUES('MH010',N'Sản Phẩm')
INSERT INTO MANHINH VALUES('MH011',N'Chức Vụ')
INSERT INTO MANHINH VALUES('MH012',N'Đặt Phòng')
INSERT INTO MANHINH VALUES('MH013',N'Nhập Hàng')
INSERT INTO MANHINH VALUES('MH014',N'Thanh Toán')
INSERT INTO MANHINH VALUES('MH015',N'Phiếu Nhập')
INSERT INTO MANHINH VALUES('MH016',N'Doanh Thu')
INSERT INTO MANHINH VALUES('MH017',N'Lương Nhân Viên')
INSERT INTO MANHINH VALUES('MH018',N'Tạo Tài Khoản')
INSERT INTO MANHINH VALUES('MH019',N'Cấp Quyền')

INSERT INTO PHANQUYEN VALUES('NV','MH001',1)
INSERT INTO PHANQUYEN VALUES('NV','MH002',1)
INSERT INTO PHANQUYEN VALUES('NV','MH003',1)
INSERT INTO PHANQUYEN VALUES('NV','MH004',1)
INSERT INTO PHANQUYEN VALUES('NV','MH005',1)
INSERT INTO PHANQUYEN VALUES('NV','MH006',1)
INSERT INTO PHANQUYEN VALUES('NV','MH007',0)
INSERT INTO PHANQUYEN VALUES('NV','MH008',1)
INSERT INTO PHANQUYEN VALUES('NV','MH009',1)
INSERT INTO PHANQUYEN VALUES('NV','MH010',1)
INSERT INTO PHANQUYEN VALUES('NV','MH011',0)
INSERT INTO PHANQUYEN VALUES('NV','MH012',1)
INSERT INTO PHANQUYEN VALUES('NV','MH013',1)
INSERT INTO PHANQUYEN VALUES('NV','MH014',1)
INSERT INTO PHANQUYEN VALUES('NV','MH015',1)
INSERT INTO PHANQUYEN VALUES('NV','MH016',1)
INSERT INTO PHANQUYEN VALUES('NV','MH017',0)
INSERT INTO PHANQUYEN VALUES('NV','MH018',0)
INSERT INTO PHANQUYEN VALUES('NV','MH019',0)

